resident,coefficient_order,domain,method,seed,bounds,start,config,success,message,nit,nfev,objective_value,constraint_violation,elapsed_seconds,theta,phi,distance,is_self,power_coefficients,delta_001
K2_Q,0,full_rectangle,differential_evolution,20261002,"[[0.0,3.141592653589793],[0.0,1.5707963267948966]]",,"{""maxiter"": 500, ""popsize"": 15, ""tol"": 1e-10, ""atol"": 1e-12, ""polish"": false, ""workers"": 1, ""updating"": ""immediate""}",True,Optimization terminated successfully.,54,1650,-1.2858637453131154e-14,0.0,0.016049333004048094,1.649591618857471e-08,1.5707962472507233,8.123663427688914e-08,False,"[-1.2434497875801753e-14,-2.531308496145357e-14]",-1.2687628725416289e-14
K2_Q,0,full_rectangle,differential_evolution,20261003,"[[0.0,3.141592653589793],[0.0,1.5707963267948966]]",,"{""maxiter"": 500, ""popsize"": 15, ""tol"": 1e-10, ""atol"": 1e-12, ""polish"": false, ""workers"": 1, ""updating"": ""immediate""}",True,Optimization terminated successfully.,66,2010,-6.052928741917759e-14,0.0,0.01893858300172724,7.754642594726135e-08,1.5707961594342064,1.844533783909626e-07,False,"[-6.084022174945858e-14,-1.1146639167236572e-13]",-6.195488566618223e-14
K2_Q,0,full_rectangle,differential_evolution,20261004,"[[0.0,3.141592653589793],[0.0,1.5707963267948966]]",,"{""maxiter"": 500, ""popsize"": 15, ""tol"": 1e-10, ""atol"": 1e-12, ""polish"": false, ""workers"": 1, ""updating"": ""immediate""}",True,Optimization terminated successfully.,74,2250,-1.5807239253365687e-17,0.0,0.020696249994216487,3.2934814875318352e-09,1.570796324836329,3.831841212755862e-09,False,"[0.0,0.0]",0.0
K2_Q,0,distance_ge_0.1,differential_evolution,20261002,"[[0.0,3.141592653589793],[0.0,1.5707963267948966]]",,"{""maxiter"": 500, ""popsize"": 15, ""tol"": 1e-10, ""atol"": 1e-12, ""polish"": false, ""workers"": 1, ""updating"": ""immediate""}",True,Optimization terminated successfully.,99,2163,-0.007493752082981644,0.0,0.03957716599688865,0.1000000000000767,1.5707962603446703,0.10000000000009877,False,"[-0.007493752082981864,-6.240584595751386e-06]",-0.007493814488827822
K2_Q,0,distance_ge_0.1,differential_evolution,20261003,"[[0.0,3.141592653589793],[0.0,1.5707963267948966]]",,"{""maxiter"": 500, ""popsize"": 15, ""tol"": 1e-10, ""atol"": 1e-12, ""polish"": false, ""workers"": 1, ""updating"": ""immediate""}",True,Optimization terminated successfully.,94,2068,-0.007493752082967132,0.0,0.03704329099855386,0.10000000000002274,1.5707962922868277,0.10000000000002869,False,"[-0.007493752082966321,-6.2401070457518415e-06]",-0.007493814484036778
K2_Q,0,distance_ge_0.1,differential_evolution,20261004,"[[0.0,3.141592653589793],[0.0,1.5707963267948966]]",,"{""maxiter"": 500, ""popsize"": 15, ""tol"": 1e-10, ""atol"": 1e-12, ""polish"": false, ""workers"": 1, ""updating"": ""immediate""}",True,Optimization terminated successfully.,107,2328,-0.007493752082969474,0.0,0.042386542016174644,0.10000000000003673,1.57079629052985,0.1000000000000433,False,"[-0.007493752082969873,-6.2401333122963365e-06]",-0.007493814484302997
K2_Q,0,boundary_axis0_0.0,differential_evolution,20261002,"[[0.0,1.5707963267948966]]",,"{""maxiter"": 500, ""popsize"": 15, ""tol"": 1e-10, ""atol"": 1e-12, ""polish"": false, ""workers"": 1, ""updating"": ""immediate""}",True,Optimization terminated successfully.,21,330,-1.9908063968652916e-16,0.0,0.0033396660001017153,0.0,1.570796316817907,9.97698945681691e-09,False,"[0.0,-4.440892098500626e-16]",-4.440892098500626e-18
K2_Q,0,boundary_axis0_3.141592653589793,differential_evolution,20261002,"[[0.0,1.5707963267948966]]",,"{""maxiter"": 500, ""popsize"": 15, ""tol"": 1e-10, ""atol"": 1e-12, ""polish"": false, ""workers"": 1, ""updating"": ""immediate""}",True,Optimization terminated successfully.,1,30,-3.0,0.0,0.00038095799391157925,3.141592653589793,0.0,3.5124073655203634,False,"[-3.0,-1.0]",-3.01
K2_Q,0,boundary_axis1_0.0,differential_evolution,20261002,"[[0.0,3.141592653589793]]",,"{""maxiter"": 500, ""popsize"": 15, ""tol"": 1e-10, ""atol"": 1e-12, ""polish"": false, ""workers"": 1, ""updating"": ""immediate""}",True,Optimization terminated successfully.,23,360,-2.0000000000000058,0.0,0.00352641599602066,1.5658909124915965e-07,0.0,1.5707963267949043,False,"[-2.000000000000006,3.999999999999975]",-1.9600000000000064
K2_Q,0,boundary_axis1_1.5707963267948966,differential_evolution,20261002,"[[0.0,3.141592653589793]]",,"{""maxiter"": 500, ""popsize"": 15, ""tol"": 1e-10, ""atol"": 1e-12, ""polish"": false, ""workers"": 1, ""updating"": ""immediate""}",True,Optimization terminated successfully.,28,435,-1.2385786007264157e-18,0.0,0.004351667012088001,1.2850829289590138e-09,1.5707963267948966,1.2850829289590138e-09,False,"[0.0,0.0]",0.0
K2_Q,0,full_rectangle,L-BFGS-B,20261002,"[[0.0,3.141592653589793],[0.0,1.5707963267948966]]","[0.0,0.0]","{""ftol"": 1e-14, ""gtol"": 1e-10, ""maxiter"": 1000}",True,CONVERGENCE: NORM OF PROJECTED GRADIENT <= PGTOL,0,3,-2.0,0.0,0.0003870000073220581,0.0,0.0,1.5707963267948966,False,"[-2.0,4.0]",-1.96
K2_Q,0,full_rectangle,L-BFGS-B,20261002,"[[0.0,3.141592653589793],[0.0,1.5707963267948966]]","[0.0,1.5707963267948966]","{""ftol"": 1e-14, ""gtol"": 1e-10, ""maxiter"": 1000}",True,CONVERGENCE: NORM OF PROJECTED GRADIENT <= PGTOL,0,3,-7.498798913309288e-33,0.0,0.00011466702562756836,0.0,1.5707963267948966,0.0,True,"[0.0,0.0]",0.0
K2_Q,0,full_rectangle,L-BFGS-B,20261002,"[[0.0,3.141592653589793],[0.0,1.5707963267948966]]","[3.141592653589793,0.0]","{""ftol"": 1e-14, ""gtol"": 1e-10, ""maxiter"": 1000}",True,CONVERGENCE: NORM OF PROJECTED GRADIENT <= PGTOL,0,3,-3.0,0.0,9.095799759961665e-05,3.141592653589793,0.0,3.5124073655203634,False,"[-3.0,-1.0]",-3.01
K2_Q,0,full_rectangle,L-BFGS-B,20261002,"[[0.0,3.141592653589793],[0.0,1.5707963267948966]]","[3.141592653589793,1.5707963267948966]","{""ftol"": 1e-14, ""gtol"": 1e-10, ""maxiter"": 1000}",True,CONVERGENCE: NORM OF PROJECTED GRADIENT <= PGTOL,0,3,-3.0,0.0,8.204201003536582e-05,3.141592653589793,0.0,3.5124073655203634,False,"[-3.0,-1.0]",-3.01
K2_Q,0,full_rectangle,L-BFGS-B,20261002,"[[0.0,3.141592653589793],[0.0,1.5707963267948966]]","[0.43811654379655923,0.16102768083836905]","{""ftol"": 1e-14, ""gtol"": 1e-10, ""maxiter"": 1000}",True,CONVERGENCE: NORM OF PROJECTED GRADIENT <= PGTOL,4,15,-7.498798913309288e-33,0.0,0.00023970799520611763,0.0,1.5707963267948966,0.0,True,"[0.0,0.0]",0.0
K2_Q,0,full_rectangle,L-BFGS-B,20261002,"[[0.0,3.141592653589793],[0.0,1.5707963267948966]]","[0.6786327132806741,1.2179699186011497]","{""ftol"": 1e-14, ""gtol"": 1e-10, ""maxiter"": 1000}",True,CONVERGENCE: NORM OF PROJECTED GRADIENT <= PGTOL,1,6,-7.498798913309288e-33,0.0,0.00011483297566883266,0.0,1.5707963267948966,0.0,True,"[0.0,0.0]",0.0
K2_Q,0,full_rectangle,L-BFGS-B,20261002,"[[0.0,3.141592653589793],[0.0,1.5707963267948966]]","[2.8849684018491093,1.0598873079866675]","{""ftol"": 1e-14, ""gtol"": 1e-10, ""maxiter"": 1000}",True,CONVERGENCE: NORM OF PROJECTED GRADIENT <= PGTOL,3,15,-7.498798913309288e-33,0.0,0.00020541698904708028,0.0,1.5707963267948966,0.0,True,"[0.0,0.0]",0.0
K2_Q,0,full_rectangle,L-BFGS-B,20261002,"[[0.0,3.141592653589793],[0.0,1.5707963267948966]]","[1.7320972906990553,0.9266223065815113]","{""ftol"": 1e-14, ""gtol"": 1e-10, ""maxiter"": 1000}",True,CONVERGENCE: NORM OF PROJECTED GRADIENT <= PGTOL,2,9,-7.498798913309288e-33,0.0,0.00014279197785072029,0.0,1.5707963267948966,0.0,True,"[0.0,0.0]",0.0
K4_Q,0,full_rectangle,differential_evolution,20261002,"[[0.0,3.141592653589793],[0.0,1.5707963267948966]]",,"{""maxiter"": 500, ""popsize"": 15, ""tol"": 1e-10, ""atol"": 1e-12, ""polish"": false, ""workers"": 1, ""updating"": ""immediate""}",True,Optimization terminated successfully.,56,1710,-1.726221469704248e-14,0.0,0.01624999998603016,8.669084206047728e-08,1.570796319126944,8.702930306869632e-08,False,"[-1.5987211554602254e-14,-5.329070518200751e-15,1.0658141036401503e-14,-7.105427357601002e-15]",-1.6039443551107978e-14
K4_Q,0,full_rectangle,differential_evolution,20261003,"[[0.0,3.141592653589793],[0.0,1.5707963267948966]]",,"{""maxiter"": 500, ""popsize"": 15, ""tol"": 1e-10, ""atol"": 1e-12, ""polish"": false, ""workers"": 1, ""updating"": ""immediate""}",True,Optimization terminated successfully.,69,2100,-1.7143867836363807e-14,0.0,0.019361625018063933,7.831015946813125e-08,1.5707963031806869,8.179310469484162e-08,False,"[-1.7763568394002505e-14,-2.1316282072803006e-14,-5.329070518200751e-15,7.105427357601002e-15]",-1.7977257016354994e-14
K4_Q,0,full_rectangle,differential_evolution,20261004,"[[0.0,3.141592653589793],[0.0,1.5707963267948966]]",,"{""maxiter"": 500, ""popsize"": 15, ""tol"": 1e-10, ""atol"": 1e-12, ""polish"": false, ""workers"": 1, ""updating"": ""immediate""}",True,Optimization terminated successfully.,74,2250,-4.742171776009706e-17,0.0,0.0207460829988122,3.2934814875318352e-09,1.570796324836329,3.831841212755862e-09,False,"[0.0,0.0,0.0,0.0]",0.0
K4_Q,0,distance_ge_0.1,differential_evolution,20261002,"[[0.0,3.141592653589793],[0.0,1.5707963267948966]]",,"{""maxiter"": 500, ""popsize"": 15, ""tol"": 1e-10, ""atol"": 1e-12, ""polish"": false, ""workers"": 1, ""updating"": ""immediate""}",True,Optimization terminated successfully.,99,2163,-0.022481256248944932,0.0,0.03945799998473376,0.1000000000000767,1.5707962603446703,0.10000000000009877,False,"[-0.02248125624894648,0.0002433440543949672,-6.546112771843582e-07,1.978683883407939e-11]",-0.022478822873863637
K4_Q,0,distance_ge_0.1,differential_evolution,20261003,"[[0.0,3.141592653589793],[0.0,1.5707963267948966]]",,"{""maxiter"": 500, ""popsize"": 15, ""tol"": 1e-10, ""atol"": 1e-12, ""polish"": false, ""workers"": 1, ""updating"": ""immediate""}",True,Optimization terminated successfully.,94,2068,-0.022481256248901394,0.0,0.03738875000271946,0.10000000000002274,1.5707962922868277,0.10000000000002869,False,"[-0.022481256248900294,0.00024334405451220675,-6.546112878424992e-07,1.027977702960925e-11]",-0.022478822873816293
K4_Q,0,distance_ge_0.1,differential_evolution,20261004,"[[0.0,3.141592653589793],[0.0,1.5707963267948966]]",,"{""maxiter"": 500, ""popsize"": 15, ""tol"": 1e-10, ""atol"": 1e-12, ""polish"": false, ""workers"": 1, ""updating"": ""immediate""}",True,Optimization terminated successfully.,108,2350,-0.022481256248908423,0.0,0.04274612502194941,0.10000000000003673,1.57079629052985,0.1000000000000433,False,"[-0.022481256248909176,0.0002433440545015486,-6.546112825134287e-07,1.0798473226714123e-11]",-0.02247882287382528
K4_Q,0,boundary_axis0_0.0,differential_evolution,20261002,"[[0.0,1.5707963267948966]]",,"{""maxiter"": 500, ""popsize"": 15, ""tol"": 1e-10, ""atol"": 1e-12, ""polish"": false, ""workers"": 1, ""updating"": ""immediate""}",True,Optimization terminated successfully.,23,360,-5.972419190595875e-16,0.0,0.0036171660176478326,0.0,1.570796316817907,9.97698945681691e-09,False,"[0.0,0.0,-5.329070518200751e-15,0.0]",-5.329070518200752e-19
K4_Q,0,boundary_axis0_3.141592653589793,differential_evolution,20261002,"[[0.0,1.5707963267948966]]",,"{""maxiter"": 500, ""popsize"": 15, ""tol"": 1e-10, ""atol"": 1e-12, ""polish"": false, ""workers"": 1, ""updating"": ""immediate""}",True,Optimization terminated successfully.,1,30,-9.0,0.0,0.0003585419908631593,3.141592653589793,0.0,3.5124073655203634,False,"[-9.0,39.0,-42.0,0.0]",-8.6142
K4_Q,0,boundary_axis1_0.0,differential_evolution,20261002,"[[0.0,3.141592653589793]]",,"{""maxiter"": 500, ""popsize"": 15, ""tol"": 1e-10, ""atol"": 1e-12, ""polish"": false, ""workers"": 1, ""updating"": ""immediate""}",True,Optimization terminated successfully.,23,360,-6.000000000000018,0.0,0.0036302499938756227,1.5658909124915965e-07,0.0,1.5707963267949043,False,"[-6.000000000000019,36.000000000000036,-71.99999999999982,47.9999999999997]",-5.647152000000019
K4_Q,0,boundary_axis1_1.5707963267948966,differential_evolution,20261002,"[[0.0,3.141592653589793]]",,"{""maxiter"": 500, ""popsize"": 15, ""tol"": 1e-10, ""atol"": 1e-12, ""polish"": false, ""workers"": 1, ""updating"": ""immediate""}",True,Optimization terminated successfully.,28,435,-3.715735802179247e-18,0.0,0.004381874983664602,1.2850829289590138e-09,1.5707963267948966,1.2850829289590138e-09,False,"[0.0,0.0,0.0,0.0]",0.0
K4_Q,0,full_rectangle,L-BFGS-B,20261002,"[[0.0,3.141592653589793],[0.0,1.5707963267948966]]","[0.0,0.0]","{""ftol"": 1e-14, ""gtol"": 1e-10, ""maxiter"": 1000}",True,CONVERGENCE: NORM OF PROJECTED GRADIENT <= PGTOL,0,3,-6.0,0.0,0.00011274998541921377,0.0,0.0,1.5707963267948966,False,"[-6.0,36.0,-72.0,48.0]",-5.647152
K4_Q,0,full_rectangle,L-BFGS-B,20261002,"[[0.0,3.141592653589793],[0.0,1.5707963267948966]]","[0.0,1.5707963267948966]","{""ftol"": 1e-14, ""gtol"": 1e-10, ""maxiter"": 1000}",True,CONVERGENCE: NORM OF PROJECTED GRADIENT <= PGTOL,0,3,-2.2496396739927864e-32,0.0,8.841700037010014e-05,0.0,1.5707963267948966,0.0,True,"[0.0,0.0,0.0,0.0]",0.0
K4_Q,0,full_rectangle,L-BFGS-B,20261002,"[[0.0,3.141592653589793],[0.0,1.5707963267948966]]","[3.141592653589793,0.0]","{""ftol"": 1e-14, ""gtol"": 1e-10, ""maxiter"": 1000}",True,CONVERGENCE: NORM OF PROJECTED GRADIENT <= PGTOL,0,3,-9.0,0.0,8.133400115184486e-05,3.141592653589793,0.0,3.5124073655203634,False,"[-9.0,39.0,-42.0,0.0]",-8.6142
K4_Q,0,full_rectangle,L-BFGS-B,20261002,"[[0.0,3.141592653589793],[0.0,1.5707963267948966]]","[3.141592653589793,1.5707963267948966]","{""ftol"": 1e-14, ""gtol"": 1e-10, ""maxiter"": 1000}",True,CONVERGENCE: NORM OF PROJECTED GRADIENT <= PGTOL,0,3,-9.0,0.0,8.266701479442418e-05,3.141592653589793,0.0,3.5124073655203634,False,"[-9.0,39.0,-42.0,0.0]",-8.6142
K4_Q,0,full_rectangle,L-BFGS-B,20261002,"[[0.0,3.141592653589793],[0.0,1.5707963267948966]]","[0.43811654379655923,0.16102768083836905]","{""ftol"": 1e-14, ""gtol"": 1e-10, ""maxiter"": 1000}",True,CONVERGENCE: NORM OF PROJECTED GRADIENT <= PGTOL,1,6,-2.2496396739927864e-32,0.0,0.00011512500350363553,0.0,1.5707963267948966,0.0,True,"[0.0,0.0,0.0,0.0]",0.0
K4_Q,0,full_rectangle,L-BFGS-B,20261002,"[[0.0,3.141592653589793],[0.0,1.5707963267948966]]","[0.6786327132806741,1.2179699186011497]","{""ftol"": 1e-14, ""gtol"": 1e-10, ""maxiter"": 1000}",True,CONVERGENCE: NORM OF PROJECTED GRADIENT <= PGTOL,1,6,-2.2496396739927864e-32,0.0,0.00011483399430289865,0.0,1.5707963267948966,0.0,True,"[0.0,0.0,0.0,0.0]",0.0
K4_Q,0,full_rectangle,L-BFGS-B,20261002,"[[0.0,3.141592653589793],[0.0,1.5707963267948966]]","[2.8849684018491093,1.0598873079866675]","{""ftol"": 1e-14, ""gtol"": 1e-10, ""maxiter"": 1000}",True,CONVERGENCE: NORM OF PROJECTED GRADIENT <= PGTOL,2,9,-2.2496396739927864e-32,0.0,0.0001419589971192181,0.0,1.5707963267948966,0.0,True,"[0.0,0.0,0.0,0.0]",0.0
K4_Q,0,full_rectangle,L-BFGS-B,20261002,"[[0.0,3.141592653589793],[0.0,1.5707963267948966]]","[1.7320972906990553,0.9266223065815113]","{""ftol"": 1e-14, ""gtol"": 1e-10, ""maxiter"": 1000}",True,CONVERGENCE: NORM OF PROJECTED GRADIENT <= PGTOL,1,6,-2.2496396739927864e-32,0.0,0.0001155420031864196,0.0,1.5707963267948966,0.0,True,"[0.0,0.0,0.0,0.0]",0.0
K4_B,0,full_rectangle,differential_evolution,20261002,"[[0.0,3.141592653589793],[0.0,1.5707963267948966]]",,"{""maxiter"": 500, ""popsize"": 15, ""tol"": 1e-10, ""atol"": 1e-12, ""polish"": false, ""workers"": 1, ""updating"": ""immediate""}",True,Optimization terminated successfully.,62,1890,-5.987494935959268e-15,0.0,0.01724479199037887,3.141592650843056,1.5707953579694562,1.5707963240484584,False,"[-5.329070518200751e-15,-0.7499999999999947,-5.249999999999992,-9.769962616701378e-15]",-0.008025000000005274
K4_B,0,full_rectangle,differential_evolution,20261003,"[[0.0,3.141592653589793],[0.0,1.5707963267948966]]",,"{""maxiter"": 500, ""popsize"": 15, ""tol"": 1e-10, ""atol"": 1e-12, ""polish"": false, ""workers"": 1, ""updating"": ""immediate""}",True,Optimization terminated successfully.,70,2130,-6.820449920282612e-15,0.0,0.019061250000959262,3.131376162899641,1.5707963267946,1.5605798361047443,False,"[-7.993605777301127e-15,-0.7499217202120549,-5.249178083674139,8.881784197001252e-16]",-0.008024135010495956
K4_B,0,full_rectangle,differential_evolution,20261004,"[[0.0,3.141592653589793],[0.0,1.5707963267948966]]",,"{""maxiter"": 500, ""popsize"": 15, ""tol"": 1e-10, ""atol"": 1e-12, ""polish"": false, ""workers"": 1, ""updating"": ""immediate""}",True,Optimization terminated successfully.,66,2010,-7.597608323574766e-14,0.0,0.018397457984974608,2.9402662304889304e-08,1.5707951783564404,1.5707962973926541,False,"[-7.460698725481052e-14,-0.7499999999999547,5.249999999875489,-5.5496940376542625e-11]",-0.00697500000008666
K4_B,0,distance_ge_0.1,differential_evolution,20261002,"[[0.0,3.141592653589793],[0.0,1.5707963267948966]]",,"{""maxiter"": 500, ""popsize"": 15, ""tol"": 1e-10, ""atol"": 1e-12, ""polish"": false, ""workers"": 1, ""updating"": ""immediate""}",True,Optimization terminated successfully.,59,1776,-9.045732822457866e-16,0.0,0.023749375017359853,3.141592653413042,1.5707940522269515,1.5707963266197924,False,"[0.0,-0.7500000000000053,-5.249999999999987,-9.769962616701378e-15]",-0.008025000000000053
K4_B,0,distance_ge_0.1,differential_evolution,20261003,"[[0.0,3.141592653589793],[0.0,1.5707963267948966]]",,"{""maxiter"": 500, ""popsize"": 15, ""tol"": 1e-10, ""atol"": 1e-12, ""polish"": false, ""workers"": 1, ""updating"": ""immediate""}",True,Optimization terminated successfully.,73,2177,-2.409503661692889e-16,0.0,0.02911337499972433,1.972861281895888e-06,1.5707963267406155,1.5707943539336147,False,"[-2.6645352591003757e-15,-0.7499999999970717,5.2499999999693365,6.217248937900877e-15]",-0.006974999999976448
K4_B,0,distance_ge_0.1,differential_evolution,20261004,"[[0.0,3.141592653589793],[0.0,1.5707963267948966]]",,"{""maxiter"": 500, ""popsize"": 15, ""tol"": 1e-10, ""atol"": 1e-12, ""polish"": false, ""workers"": 1, ""updating"": ""immediate""}",True,Optimization terminated successfully.,61,1803,-1.5651932769716956e-14,0.0,0.02469479202409275,3.1415924070714283,1.5707962985762502,1.570796080276532,False,"[-1.4210854715202004e-14,-0.7499999999999494,-5.249999999999486,-3.019806626980426e-14]",-0.008025000000013653
K4_B,0,boundary_axis0_0.0,differential_evolution,20261002,"[[0.0,1.5707963267948966]]",,"{""maxiter"": 500, ""popsize"": 15, ""tol"": 1e-10, ""atol"": 1e-12, ""polish"": false, ""workers"": 1, ""updating"": ""immediate""}",True,Optimization terminated successfully.,1,30,-0.0,0.0,0.00037191700539551675,0.0,0.9948567717811245,1.6730533378532202,False,"[0.0,-0.750000000000008,-4.993232579780033,2.539234529187813]",-0.007996784023448897
K4_B,0,boundary_axis0_3.141592653589793,differential_evolution,20261002,"[[0.0,1.5707963267948966]]",,"{""maxiter"": 500, ""popsize"": 15, ""tol"": 1e-10, ""atol"": 1e-12, ""polish"": false, ""workers"": 1, ""updating"": ""immediate""}",True,Optimization terminated successfully.,1,30,-8.90348167347455e-19,0.0,0.00028337500407360494,3.141592653589793,0.0,2.221441469079183,False,"[0.0,-0.7499999999999973,-5.250000000000003,-1.7763568394002505e-15]",-0.008024999999999973
K4_B,0,boundary_axis1_0.0,differential_evolution,20261002,"[[0.0,3.141592653589793]]",,"{""maxiter"": 500, ""popsize"": 15, ""tol"": 1e-10, ""atol"": 1e-12, ""polish"": false, ""workers"": 1, ""updating"": ""immediate""}",True,Optimization terminated successfully.,49,750,-3.7470027081099033e-14,0.0,0.0072547500021755695,1.6653345369377348e-14,0.0,2.221441469079171,False,"[-3.730349362740526e-14,-0.749999999999976,-5.249999999999936,5.999999999999951]",-0.008019000000037057
K4_B,0,boundary_axis1_1.5707963267948966,differential_evolution,20261002,"[[0.0,3.141592653589793]]",,"{""maxiter"": 500, ""popsize"": 15, ""tol"": 1e-10, ""atol"": 1e-12, ""polish"": false, ""workers"": 1, ""updating"": ""immediate""}",True,Optimization terminated successfully.,1,30,-8.62440479670185e-18,0.0,0.0002802500093821436,0.06263971957482628,1.5707963267948966,1.5081566072200703,False,"[8.881784197001252e-16,-0.7470610460586817,5.219171234465089,-8.881784197001252e-16]",-0.00694869333713942
K4_B,0,full_rectangle,L-BFGS-B,20261002,"[[0.0,3.141592653589793],[0.0,1.5707963267948966]]","[0.0,0.0]","{""ftol"": 1e-14, ""gtol"": 1e-10, ""maxiter"": 1000}",True,CONVERGENCE: NORM OF PROJECTED GRADIENT <= PGTOL,0,3,-0.0,0.0,0.00011266698129475117,0.0,0.0,2.221441469079183,False,"[0.0,-0.7500000000000027,-5.249999999999995,5.999999999999999]",-0.008019000000000026
K4_B,0,full_rectangle,L-BFGS-B,20261002,"[[0.0,3.141592653589793],[0.0,1.5707963267948966]]","[0.0,1.5707963267948966]","{""ftol"": 1e-14, ""gtol"": 1e-10, ""maxiter"": 1000}",True,CONVERGENCE: NORM OF PROJECTED GRADIENT <= PGTOL,0,3,-0.0,0.0,9.05419874470681e-05,0.0,1.5707963267948966,1.5707963267948966,False,"[0.0,-0.75,5.25,-8.881784197001252e-16]",-0.006974999999999999
K4_B,0,full_rectangle,L-BFGS-B,20261002,"[[0.0,3.141592653589793],[0.0,1.5707963267948966]]","[3.141592653589793,0.0]","{""ftol"": 1e-14, ""gtol"": 1e-10, ""maxiter"": 1000}",True,CONVERGENCE: NORM OF PROJECTED GRADIENT <= PGTOL,0,3,-2.755455298081545e-16,0.0,8.470899774692953e-05,3.141592653589793,0.0,2.221441469079183,False,"[0.0,-0.7499999999999973,-5.250000000000003,-1.7763568394002505e-15]",-0.008024999999999973
K4_B,0,full_rectangle,L-BFGS-B,20261002,"[[0.0,3.141592653589793],[0.0,1.5707963267948966]]","[3.141592653589793,1.5707963267948966]","{""ftol"": 1e-14, ""gtol"": 1e-10, ""maxiter"": 1000}",True,CONVERGENCE: NORM OF PROJECTED GRADIENT <= PGTOL,0,3,-1.6872297554945898e-32,0.0,7.758301217108965e-05,3.141592653589793,0.0,2.221441469079183,False,"[0.0,-0.7499999999999973,-5.250000000000003,-1.7763568394002505e-15]",-0.008024999999999973
K4_B,0,full_rectangle,L-BFGS-B,20261002,"[[0.0,3.141592653589793],[0.0,1.5707963267948966]]","[0.43811654379655923,0.16102768083836905]","{""ftol"": 1e-14, ""gtol"": 1e-10, ""maxiter"": 1000}",True,CONVERGENCE: NORM OF PROJECTED GRADIENT <= PGTOL,1,6,-0.0,0.0,0.00011454199557192624,0.0,0.3140697044174524,2.0116567559264578,False,"[-8.881784197001252e-16,-0.7499999999999893,1.6196558945758532,-3.3513045918930184]",-0.00734138571513509
K4_B,0,full_rectangle,L-BFGS-B,20261002,"[[0.0,3.141592653589793],[0.0,1.5707963267948966]]","[0.6786327132806741,1.2179699186011497]","{""ftol"": 1e-14, ""gtol"": 1e-10, ""maxiter"": 1000}",True,CONVERGENCE: NORM OF PROJECTED GRADIENT <= PGTOL,1,6,-1.0104703448737247e-17,0.0,0.00011129199992865324,0.07340917281788006,1.5707963267948966,1.4973871539770165,False,"[8.881784197001252e-16,-0.7459655748738667,5.207695555404314,7.993605777301127e-15]",-0.006938886193197348
K4_B,0,full_rectangle,L-BFGS-B,20261002,"[[0.0,3.141592653589793],[0.0,1.5707963267948966]]","[2.8849684018491093,1.0598873079866675]","{""ftol"": 1e-14, ""gtol"": 1e-10, ""maxiter"": 1000}",True,CONVERGENCE: NORM OF PROJECTED GRADIENT <= PGTOL,1,6,-3.512807966414962e-18,0.0,0.00011575000826269388,3.141592653589793,0.0,2.221441469079183,False,"[0.0,-0.7499999999999973,-5.250000000000003,-1.7763568394002505e-15]",-0.008024999999999973
K4_B,0,full_rectangle,L-BFGS-B,20261002,"[[0.0,3.141592653589793],[0.0,1.5707963267948966]]","[1.7320972906990553,0.9266223065815113]","{""ftol"": 1e-14, ""gtol"": 1e-10, ""maxiter"": 1000}",True,CONVERGENCE: NORM OF PROJECTED GRADIENT <= PGTOL,1,6,-1.2803094101442196e-16,0.0,0.00010879200999625027,1.9491050371248246,1.5707963267948966,0.3783087103299281,False,"[8.881784197001252e-16,-0.10231417836814494,-0.2645276902308291,-2.6645352591003757e-15]",-0.0010495945527036442
K5_A,0,full_rectangle,differential_evolution,20261002,"[[0.0,3.141592653589793],[0.0,1.5707963267948966]]",,"{""maxiter"": 500, ""popsize"": 15, ""tol"": 1e-10, ""atol"": 1e-12, ""polish"": false, ""workers"": 1, ""updating"": ""immediate""}",True,Optimization terminated successfully.,46,1410,-5.6357575059843594e-14,0.0,0.013933125010225922,9.77747884878255e-08,1.256636997951374,1.1657699810147782e-07,False,"[-5.5067062021407764e-14,-2.6290081223123707e-13,2.1316282072803006e-14,-2.1316282072803006e-14,1.0658141036401503e-14]",-5.769395972521352e-14
K5_A,0,full_rectangle,differential_evolution,20261003,"[[0.0,3.141592653589793],[0.0,1.5707963267948966]]",,"{""maxiter"": 500, ""popsize"": 15, ""tol"": 1e-10, ""atol"": 1e-12, ""polish"": false, ""workers"": 1, ""updating"": ""immediate""}",True,Optimization terminated successfully.,45,1380,-1.0134402028537934e-15,0.0,0.013806915987515822,1.6806396274660074e-09,1.2566370502203301,1.1340808795291378e-08,False,"[-3.552713678800501e-15,-7.105427357601002e-15,0.0,1.4210854715202004e-14,-1.0658141036401503e-14]",-3.623753848103207e-15
K5_A,0,full_rectangle,differential_evolution,20261004,"[[0.0,3.141592653589793],[0.0,1.5707963267948966]]",,"{""maxiter"": 500, ""popsize"": 15, ""tol"": 1e-10, ""atol"": 1e-12, ""polish"": false, ""workers"": 1, ""updating"": ""immediate""}",True,Optimization terminated successfully.,49,1500,-1.2202429089399608e-14,0.0,0.014772875001654029,6.667842100682719e-08,1.2566370503275006,6.759740193240666e-08,False,"[-1.5987211554602254e-14,0.0,0.0,-1.4210854715202004e-14,1.2434497875801753e-14]",-1.598722564111199e-14
K5_A,0,distance_ge_0.1,differential_evolution,20261002,"[[0.0,3.141592653589793],[0.0,1.5707963267948966]]",,"{""maxiter"": 500, ""popsize"": 15, ""tol"": 1e-10, ""atol"": 1e-12, ""polish"": false, ""workers"": 1, ""updating"": ""immediate""}",True,Optimization terminated successfully.,73,1570,-0.025204410677968626,0.0,0.029456791991833597,0.1000000000002308,1.2566371407257089,0.10000000000026223,False,"[-0.025204410677963196,0.0003370297614821993,-1.4086979263083776e-06,2.5201813969033537e-09,-3.140598892059643e-12]",-0.025201040521215648
K5_A,0,distance_ge_0.1,differential_evolution,20261003,"[[0.0,3.141592653589793],[0.0,1.5707963267948966]]",,"{""maxiter"": 500, ""popsize"": 15, ""tol"": 1e-10, ""atol"": 1e-12, ""polish"": false, ""workers"": 1, ""updating"": ""immediate""}",True,Optimization terminated successfully.,67,1480,-0.025204410677933692,0.0,0.028077666996978223,0.10000000000015974,1.256636981476616,0.10000000000019171,False,"[-0.025204410677932998,0.0003370101700426176,-1.408431014482403e-06,2.5192790076289384e-09,-3.099742684753437e-12]",-0.025201040717073155
K5_A,0,distance_ge_0.1,differential_evolution,20261004,"[[0.0,3.141592653589793],[0.0,1.5707963267948966]]",,"{""maxiter"": 500, ""popsize"": 15, ""tol"": 1e-10, ""atol"": 1e-12, ""polish"": false, ""workers"": 1, ""updating"": ""immediate""}",True,Optimization terminated successfully.,72,1596,-0.025204410677812795,0.0,0.02979570801835507,0.10000000000001719,1.2566370769541455,0.1000000000000184,False,"[-0.025204410677813982,0.00033702191645090807,-1.4085910571282056e-06,2.5198261255354737e-09,-3.154809746774845e-12]",-0.02520104059950606
K5_A,0,boundary_axis0_0.0,differential_evolution,20261002,"[[0.0,1.5707963267948966]]",,"{""maxiter"": 500, ""popsize"": 15, ""tol"": 1e-10, ""atol"": 1e-12, ""polish"": false, ""workers"": 1, ""updating"": ""immediate""}",True,Optimization terminated successfully.,18,285,-6.685084755009237e-16,0.0,0.0029228749917820096,0.0,1.2566370522946066,9.141310597371444e-09,False,"[-1.7763568394002505e-15,1.4210854715202004e-14,-5.3290705182007514e-14,5.684341886080802e-14,-2.3092638912203256e-14]",-1.6395207502739595e-15
K5_A,0,boundary_axis0_3.141592653589793,differential_evolution,20261002,"[[0.0,1.5707963267948966]]",,"{""maxiter"": 500, ""popsize"": 15, ""tol"": 1e-10, ""atol"": 1e-12, ""polish"": false, ""workers"": 1, ""updating"": ""immediate""}",True,Optimization terminated successfully.,1,30,-10.090169943749475,0.0,0.00037545801023952663,3.141592653589793,0.0,3.3835988392928105,False,"[-10.090169943749473,54.01315561749642,-90.37383539249433,64.72135954999581,-32.3606797749979]",-9.559011373361006
K5_A,0,boundary_axis1_0.0,differential_evolution,20261002,"[[0.0,3.141592653589793]]",,"{""maxiter"": 500, ""popsize"": 15, ""tol"": 1e-10, ""atol"": 1e-12, ""polish"": false, ""workers"": 1, ""updating"": ""immediate""}",True,Optimization terminated successfully.,18,285,-7.236067977500186,0.0,0.003004208003403619,7.461289901478096e-07,0.0,1.2566370614361386,False,"[-7.236067977500184,46.83281572999903,-97.08203932499275,64.72135954999581,-4.5208281562736374e-12]",-6.777383302773143
K5_A,0,boundary_axis1_1.5707963267948966,differential_evolution,20261002,"[[0.0,3.141592653589793]]",,"{""maxiter"": 500, ""popsize"": 15, ""tol"": 1e-10, ""atol"": 1e-12, ""polish"": false, ""workers"": 1, ""updating"": ""immediate""}",True,Optimization terminated successfully.,24,375,-0.7639320225002673,0.0,0.003900500014424324,1.5658909124915965e-07,1.5707963267948966,0.31415926535901834,False,"[-0.763932022500267,-4.944271909998939,4.583592135001403,0.7213595499955616,-0.3606797749978492]",-0.8129156646340041
K5_A,0,full_rectangle,L-BFGS-B,20261002,"[[0.0,3.141592653589793],[0.0,1.5707963267948966]]","[0.0,0.0]","{""ftol"": 1e-14, ""gtol"": 1e-10, ""maxiter"": 1000}",True,CONVERGENCE: NORM OF PROJECTED GRADIENT <= PGTOL,4,24,-1.9999999756901162e-16,0.0,0.00037212501047179103,0.0,1.2566370564359173,4.999999969612645e-09,False,"[-1.7763568394002505e-15,7.105427357601002e-15,1.0658141036401503e-14,-4.263256414560601e-14,1.7763568394002505e-14]",-1.704279206649062e-15
K5_A,0,full_rectangle,L-BFGS-B,20261002,"[[0.0,3.141592653589793],[0.0,1.5707963267948966]]","[0.0,1.5707963267948966]","{""ftol"": 1e-14, ""gtol"": 1e-10, ""maxiter"": 1000}",True,CONVERGENCE: NORM OF PROJECTED GRADIENT <= PGTOL,5,21,-1.9999999756901162e-16,0.0,0.0002859579981304705,0.0,1.2566370564359173,4.999999969612645e-09,False,"[-1.7763568394002505e-15,7.105427357601002e-15,1.0658141036401503e-14,-4.263256414560601e-14,1.7763568394002505e-14]",-1.704279206649062e-15
K5_A,0,full_rectangle,L-BFGS-B,20261002,"[[0.0,3.141592653589793],[0.0,1.5707963267948966]]","[3.141592653589793,0.0]","{""ftol"": 1e-14, ""gtol"": 1e-10, ""maxiter"": 1000}",True,CONVERGENCE: NORM OF PROJECTED GRADIENT <= PGTOL,0,3,-10.090169943749475,0.0,9.045799379236996e-05,3.141592653589793,0.0,3.3835988392928105,False,"[-10.090169943749473,54.01315561749642,-90.37383539249433,64.72135954999581,-32.3606797749979]",-9.559011373361006
K5_A,0,full_rectangle,L-BFGS-B,20261002,"[[0.0,3.141592653589793],[0.0,1.5707963267948966]]","[3.141592653589793,1.5707963267948966]","{""ftol"": 1e-14, ""gtol"": 1e-10, ""maxiter"": 1000}",True,CONVERGENCE: NORM OF PROJECTED GRADIENT <= PGTOL,0,3,-10.090169943749475,0.0,0.0001181670231744647,3.141592653589793,0.0,3.3835988392928105,False,"[-10.090169943749473,54.01315561749642,-90.37383539249433,64.72135954999581,-32.3606797749979]",-9.559011373361006
K5_A,0,full_rectangle,L-BFGS-B,20261002,"[[0.0,3.141592653589793],[0.0,1.5707963267948966]]","[0.43811654379655923,0.16102768083836905]","{""ftol"": 1e-14, ""gtol"": 1e-10, ""maxiter"": 1000}",True,CONVERGENCE: RELATIVE REDUCTION OF F <= FACTR*EPSMCH,6,36,-1.3508166294192768e-16,0.0,0.00045758302439935505,0.0,1.2566370573267558,4.109161455545518e-09,False,"[-1.7763568394002505e-15,1.4210854715202004e-14,-3.197442310920451e-14,3.552713678800501e-14,-1.7763568394002505e-14]",-1.6374103850580468e-15
K5_A,0,full_rectangle,L-BFGS-B,20261002,"[[0.0,3.141592653589793],[0.0,1.5707963267948966]]","[0.6786327132806741,1.2179699186011497]","{""ftol"": 1e-14, ""gtol"": 1e-10, ""maxiter"": 1000}",True,CONVERGENCE: NORM OF PROJECTED GRADIENT <= PGTOL,5,18,-1.99993354049644e-16,0.0,0.00024950000806711614,0.0,1.2566370564360003,4.999916924930403e-09,False,"[-1.7763568394002505e-15,-7.105427357601002e-15,5.3290705182007514e-14,-7.105427357601002e-14,3.019806626980426e-14]",-1.8421527947509732e-15
K5_A,0,full_rectangle,L-BFGS-B,20261002,"[[0.0,3.141592653589793],[0.0,1.5707963267948966]]","[2.8849684018491093,1.0598873079866675]","{""ftol"": 1e-14, ""gtol"": 1e-10, ""maxiter"": 1000}",True,CONVERGENCE: RELATIVE REDUCTION OF F <= FACTR*EPSMCH,7,36,-1.5882250879104545e-16,0.0,0.00042150000808760524,0.0,1.2566370569802676,4.455649627033154e-09,False,"[0.0,0.0,-1.0658141036401503e-14,2.1316282072803006e-14,-7.105427357601002e-15]",-1.0445688758409234e-18
K5_A,0,full_rectangle,L-BFGS-B,20261002,"[[0.0,3.141592653589793],[0.0,1.5707963267948966]]","[1.7320972906990553,0.9266223065815113]","{""ftol"": 1e-14, ""gtol"": 1e-10, ""maxiter"": 1000}",False,ABNORMAL: ,5,63,-1.0379692301420635e-16,0.0,0.0006736660143360496,0.0,1.256637057833888,3.6020293414651405e-09,False,"[0.0,0.0,0.0,0.0,1.7763568394002505e-15]",1.7763568394002505e-23
K4_B,1,B_Z0_theta0,differential_evolution,20261002,"[[0.0,1.5707963267948966]]",,"{""maxiter"": 500, ""popsize"": 15, ""tol"": 1e-10, ""atol"": 1e-12, ""polish"": false, ""workers"": 1, ""updating"": ""immediate""}",True,Optimization terminated successfully.,1,30,-0.75,0.0,0.00037900000461377203,0.0,0.9948567717811245,1.6730533378532202,False,"[0.0,-0.750000000000008,-4.993232579780033,2.539234529187813]",-0.007996784023448897
K4_B,1,B_Z0_theta0,differential_evolution,20261003,"[[0.0,1.5707963267948966]]",,"{""maxiter"": 500, ""popsize"": 15, ""tol"": 1e-10, ""atol"": 1e-12, ""polish"": false, ""workers"": 1, ""updating"": ""immediate""}",True,Optimization terminated successfully.,1,30,-0.75,0.0,0.00036383300903253257,0.0,0.8122104863295176,1.7443777049787423,False,"[-8.881784197001252e-16,-0.7500000000000053,-0.8409498336678309,3.4117925040482238]",-0.007580683190863676
K4_B,1,B_Z0_theta0,differential_evolution,20261004,"[[0.0,1.5707963267948966]]",,"{""maxiter"": 500, ""popsize"": 15, ""tol"": 1e-10, ""atol"": 1e-12, ""polish"": false, ""workers"": 1, ""updating"": ""immediate""}",True,Optimization terminated successfully.,1,30,-0.75,0.0,0.0003545419895090163,0.0,1.0048668563838727,1.6696338717671133,False,"[-8.881784197001252e-16,-0.7499999999999973,-5.081574934324001,2.3520554591829974]",-0.008005805437974078
K4_B,1,B_Z0_phi_pi2,differential_evolution,20261002,"[[0.0,3.141592653589793]]",,"{""maxiter"": 500, ""popsize"": 15, ""tol"": 1e-10, ""atol"": 1e-12, ""polish"": false, ""workers"": 1, ""updating"": ""immediate""}",True,Optimization terminated successfully.,22,345,-2.72798058629478e-17,0.0,0.0031025829957798123,1.570796332825906,1.5707963267948966,6.0310094696092165e-09,False,"[-1.7763568394002505e-15,1.0658141036401503e-14,-1.865174681370263e-14,1.1546319456101628e-14]",-1.6716290573981495e-15
K4_B,1,B_Z0_phi_pi2,differential_evolution,20261003,"[[0.0,3.141592653589793]]",,"{""maxiter"": 500, ""popsize"": 15, ""tol"": 1e-10, ""atol"": 1e-12, ""polish"": false, ""workers"": 1, ""updating"": ""immediate""}",True,Optimization terminated successfully.,18,285,-2.4531700822435494e-17,0.0,0.0025283750146627426,1.570796321075724,1.5707963267948966,5.719172468943157e-09,False,"[0.0,2.6645352591003757e-15,-5.329070518200751e-15,4.440892098500626e-15]",2.6116886431282183e-17
K4_B,1,B_Z0_phi_pi2,differential_evolution,20261004,"[[0.0,3.141592653589793]]",,"{""maxiter"": 500, ""popsize"": 15, ""tol"": 1e-10, ""atol"": 1e-12, ""polish"": false, ""workers"": 1, ""updating"": ""immediate""}",True,Optimization terminated successfully.,20,315,-1.597393005171867e-17,0.0,0.0027145000058226287,1.5707963221798589,1.5707963267948966,4.6150376853404396e-09,False,"[8.881784197001252e-16,-2.6645352591003757e-15,5.329070518200751e-15,-1.7763568394002505e-15]",8.620641978041022e-16
K4_B,1,B_Z0_complement_left,differential_evolution,20261002,"[[0.0,1.4707963267948965]]",,"{""maxiter"": 500, ""popsize"": 15, ""tol"": 1e-10, ""atol"": 1e-12, ""polish"": false, ""workers"": 1, ""updating"": ""immediate""}",True,Optimization terminated successfully.,43,660,-0.007475033309551252,0.0,0.0059516670007724315,1.4707963267947834,1.5707963267948966,0.10000000000011311,False,"[0.0,-0.007475033309547463,0.005223806803877018,1.5987211554602254e-14]",-7.422795241508692e-05
K4_B,1,B_Z0_complement_left,differential_evolution,20261003,"[[0.0,1.4707963267948965]]",,"{""maxiter"": 500, ""popsize"": 15, ""tol"": 1e-10, ""atol"": 1e-12, ""polish"": false, ""workers"": 1, ""updating"": ""immediate""}",True,Optimization terminated successfully.,47,720,-0.007475033309599059,0.0,0.00675583301926963,1.4707963267944626,1.5707963267948966,0.10000000000043396,False,"[-8.881784197001252e-16,-0.007475033309590096,0.005223806803927644,8.881784197001252e-15]",-7.422795241639637e-05
K4_B,1,B_Z0_complement_left,differential_evolution,20261004,"[[0.0,1.4707963267948965]]",,"{""maxiter"": 500, ""popsize"": 15, ""tol"": 1e-10, ""atol"": 1e-12, ""polish"": false, ""workers"": 1, ""updating"": ""immediate""}",True,Optimization terminated successfully.,41,630,-0.007475033309543146,0.0,0.005779125000117347,1.4707963267948378,1.5707963267948966,0.10000000000005871,False,"[-1.7763568394002505e-15,-0.007475033309539469,0.005223806803877018,7.993605777301127e-15]",-7.422795241678333e-05
K4_B,1,B_Z0_complement_right,differential_evolution,20261002,"[[1.6707963267948966,3.141592653589793]]",,"{""maxiter"": 500, ""popsize"": 15, ""tol"": 1e-10, ""atol"": 1e-12, ""polish"": false, ""workers"": 1, ""updating"": ""immediate""}",True,Optimization terminated successfully.,47,720,-0.007475033309575815,0.0,0.006529083999339491,1.6707963267951746,1.5707963267948966,0.10000000000027809,False,"[-8.881784197001252e-16,-0.007475033309571444,-0.005223806803930309,7.993605777301127e-15]",-7.527271377699563e-05
K4_B,1,B_Z0_complement_right,differential_evolution,20261003,"[[1.6707963267948966,3.141592653589793]]",,"{""maxiter"": 500, ""popsize"": 15, ""tol"": 1e-10, ""atol"": 1e-12, ""polish"": false, ""workers"": 1, ""updating"": ""immediate""}",True,Optimization terminated successfully.,51,780,-0.007475033309540679,0.0,0.006949167000129819,1.6707963267949388,1.5707963267948966,0.10000000000004228,False,"[0.0,-0.007475033309539469,-0.005223806803882347,-5.329070518200751e-15]",-7.527271377578293e-05
K4_B,1,B_Z0_complement_right,differential_evolution,20261004,"[[1.6707963267948966,3.141592653589793]]",,"{""maxiter"": 500, ""popsize"": 15, ""tol"": 1e-10, ""atol"": 1e-12, ""polish"": false, ""workers"": 1, ""updating"": ""immediate""}",True,Optimization terminated successfully.,41,630,-0.007475033309548221,0.0,0.005833167000673711,1.6707963267949895,1.5707963267948966,0.1000000000000929,False,"[8.881784197001252e-16,-0.007475033309547463,-0.005223806803903663,8.881784197001252e-15]",-7.527271377497681e-05
