resident,theta_count,phi_count,distinct_operations,mutants_excluding_self,maximum_delta_001,theta,phi,distance,strongest_leading_coefficient,corresponding_order,leading_theta,leading_phi,leading_distance,per_order_maxima,apparent_neutral_count,apparent_invader_count
K2_Q,21,11,221,220,-0.01846786804968682,0.15707963267948966,1.5707963267948966,0.15707963267948966,-0.018467489107293567,0,0.15707963267948966,1.5707963267948966,0.15707963267948966,"{""0"": -0.018467489107293567, ""1"": null}",0,0
K2_Q,41,21,841,840,-0.0046240231573866095,0.07853981633974483,1.5707963267948966,0.07853981633974483,-0.004623999400308332,0,0.07853981633974483,1.5707963267948966,0.07853981633974483,"{""0"": -0.004623999400308332, ""1"": null}",0,0
K2_Q,81,41,3281,3280,-0.0011564471248787145,0.039269908169872414,1.5707963267948966,0.039269908169872414,-0.0011564456389159261,0,0.039269908169872414,1.5707963267948966,0.039269908169872414,"{""0"": -0.0011564456389159261, ""1"": null}",0,0
K4_Q,21,11,221,220,-0.055387689548279,0.15707963267948966,1.5707963267948966,0.15707963267948966,-0.05540246732187981,0,0.15707963267948966,1.5707963267948966,0.15707963267948966,"{""0"": -0.05540246732187981, ""1"": null, ""2"": null, ""3"": null}",0,0
K4_Q,41,21,841,840,-0.013871071690250932,0.07853981633974483,1.5707963267948966,0.07853981633974483,-0.013871998200924551,0,0.07853981633974483,1.5707963267948966,0.07853981633974483,"{""0"": -0.013871998200924551, ""1"": null, ""2"": null, ""3"": null}",0,0
K4_Q,81,41,3281,3280,-0.0034692789644393584,0.039269908169872414,1.5707963267948966,0.039269908169872414,-0.0034693369167477783,0,0.039269908169872414,1.5707963267948966,0.039269908169872414,"{""0"": -0.0034693369167477783, ""1"": null, ""2"": null, ""3"": null}",0,0
K4_B,21,11,221,220,-0.000181528246374398,1.413716694115407,1.5707963267948966,0.15707963267948966,-0.01835380638931472,1,1.7278759594743862,1.5707963267948966,0.15707963267948966,"{""0"": -0.05506141916795215, ""1"": -0.01835380638931472, ""2"": null, ""3"": null}",0,0
K4_B,41,21,841,840,-4.5915157831415767e-05,1.4922565104551517,1.5707963267948966,0.07853981633974483,-0.004616872276811179,1,1.6493361431346414,1.5707963267948966,0.07853981633974483,"{""0"": -0.013850616830470841, ""1"": -0.004616872276811179, ""2"": null, ""3"": null}",0,0
K4_B,81,41,3281,3280,-1.1528229462807352e-05,1.5315264186250241,1.5707963267948966,0.039269908169872414,-0.0011559998500683122,1,1.610066234964769,1.5707963267948966,0.039269908169872414,"{""0"": -0.0034679995502306937, ""1"": -0.0011559998500683122, ""2"": null, ""3"": null}",0,0
K5_A,21,11,221,220,-0.0620929020759147,0.15707963267948966,1.2566370614359172,0.15707963267948966,-0.062113367842309586,0,0.15707963267948966,1.2566370614359172,0.15707963267948966,"{""0"": -0.062113367842309586, ""1"": null, ""2"": null, ""3"": null, ""4"": null}",0,0
K5_A,41,21,841,840,-0.01555103009463169,0.07853981633974483,1.2566370614359172,0.07853981633974483,-0.015552313256305794,0,0.07853981633974483,1.2566370614359172,0.07853981633974483,"{""0"": -0.015552313256305794, ""1"": null, ""2"": null, ""3"": null, ""4"": null}",0,0
K5_A,81,41,3281,3280,-0.0038894974147671824,0.039269908169872414,1.2566370614359172,0.039269908169872414,-0.0038895776757890133,0,0.039269908169872414,1.2566370614359172,0.039269908169872414,"{""0"": -0.0038895776757890133, ""1"": null, ""2"": null, ""3"": null, ""4"": null}",0,0
