k,gamma,resident_theta,resident_phi,seed,objective_epsilon,differential_evolution_success,differential_evolution_message,differential_evolution_iterations,differential_evolution_evaluations,best_theta,best_phi,best_objective_advantage,local_start_count
2,1.5707963267948966,0.0,1.5707963267948966,20262826,0.0,True,Optimization terminated successfully.,44,900,0.0,1.5707963267948966,0.0,8
2,1.5707963267948966,0.0,1.5707963267948966,20262826,1e-06,True,Optimization terminated successfully.,41,840,0.0,1.5707963267948966,0.0,8
2,1.5707963267948966,0.0,1.5707963267948966,20262826,0.0001,True,Optimization terminated successfully.,45,920,0.0,1.5707963267948966,0.0,8
2,1.5707963267948966,0.0,1.5707963267948966,20262826,0.01,True,Optimization terminated successfully.,43,880,0.0,1.5707963267948966,0.0,8
4,1.5707963267948966,0.0,1.5707963267948966,20264826,0.0,True,Optimization terminated successfully.,48,980,0.0,1.5707963267948966,0.0,8
4,1.5707963267948966,0.0,1.5707963267948966,20264826,1e-06,True,Optimization terminated successfully.,43,880,0.0,1.5707963267948966,0.0,8
4,1.5707963267948966,0.0,1.5707963267948966,20264826,0.0001,True,Optimization terminated successfully.,67,1360,0.0,1.5707963267948966,0.0,8
4,1.5707963267948966,0.0,1.5707963267948966,20264826,0.01,True,Optimization terminated successfully.,47,960,0.0,1.5707963267948966,0.0,8
4,1.5707963267948966,1.5707963267948966,1.5707963267948966,20264827,0.0,True,Optimization terminated successfully.,44,900,0.0,0.0,1.7763568394002505e-15,8
4,1.5707963267948966,1.5707963267948966,1.5707963267948966,20264827,1e-06,True,Optimization terminated successfully.,55,1120,1.5707963169883048,1.5707963267948966,1.7763568394002505e-15,8
4,1.5707963267948966,1.5707963267948966,1.5707963267948966,20264827,0.0001,True,Optimization terminated successfully.,73,1480,1.5707963169883048,1.5707963267948966,1.7763568394002505e-15,8
4,1.5707963267948966,1.5707963267948966,1.5707963267948966,20264827,0.01,True,Optimization terminated successfully.,59,1200,1.5707963169883048,1.5707963267948966,1.7763568394002505e-15,8
5,1.5707963267948966,0.0,1.2566370614359172,20265826,0.0,True,Optimization terminated successfully.,44,900,0.0,1.2566370614359172,0.0,8
5,1.5707963267948966,0.0,1.2566370614359172,20265826,1e-06,True,Optimization terminated successfully.,45,920,0.0,1.2566370614359172,0.0,8
5,1.5707963267948966,0.0,1.2566370614359172,20265826,0.0001,True,Optimization terminated successfully.,40,820,0.0,1.2566370614359172,0.0,8
5,1.5707963267948966,0.0,1.2566370614359172,20265826,0.01,True,Optimization terminated successfully.,38,780,0.0,1.2566370614359172,0.0,8
